id,title,section,description
1,How comprehensively does the platform support offline functionality while maintaining security and data integrity?,A,This section assesses how well the platform addresses the specific needs of board members and legal teams
2,How effectively does the solution implement granular document access control?,A,This section assesses how well the platform addresses the specific needs of board members and legal teams
3,How well does the solution's visual design  layout and interface elements support clarity and usability?,B,This section evaluates the platform's design
4,How well does the solution implement customization and user interaction tools?,B,This section evaluates the platform's design
5,How intuitively can users complete tasks and navigate workflows in everyday board management scenarios?,B,This section evaluates the platform's design
6,How comprehensive and intelligent are the platform's reporting  and AI-powered insights?,B,This section evaluates the platform's design
7,How effectively does the platform handle the creation  and management of board pack documents?,B,This section evaluates the platform's design
8,How well does the platform handle meeting automation and voting processes?,C,This section focuses on the core capabilities of the solution
9,How effectively does the solution facilitate real-time collaboration and communication among board members?,C,This section focuses on the core capabilities of the solution
10,How user-friendly and secure is the platform's access system  from signup through daily login?,C,This section focuses on the core capabilities of the solution
11,How comprehensive and responsive is the platform's support system for user issues?,C,This section focuses on the core capabilities of the solution
12,How well does the solution deliver a seamless cross-platform experience while providing robust integration options and comprehensive support?,C,This section focuses on the core capabilities of the solution
